CHROM	POS	REF	ALT	QUAL	VEP_Genes	VEP_SYMBOLs	VEP_IMPACTs	VEP_Consequences	VEP_BIOTYPEs	VEP_Protein_positions	VEP_Amino_acids	VEP_WORST_Gene	VEP_WORST_SYMBOL	VEP_WORST_IMPACT	VEP_WORST_Consequence	21C1_GT	21C3_GT	21C4_GT	21D1_GT	21D2_GT	21D3_GT	21D4_GT	4D1_GT	4D3_GT	4E1_GT	4E2_GT	4E3_GT	7A1_GT	7A2_GT	7A4_GT	7E1_GT	7E2_GT	7E3_GT	A0_GT	D0_GT	E0_GT	21C1_DP	21C3_DP	21C4_DP	21D1_DP	21D2_DP	21D3_DP	21D4_DP	4D1_DP	4D3_DP	4E1_DP	4E2_DP	4E3_DP	7A1_DP	7A2_DP	7A4_DP	7E1_DP	7E2_DP	7E3_DP	A0_DP	D0_DP	E0_DP	21C1_AD	21C3_AD	21C4_AD	21D1_AD	21D2_AD	21D3_AD	21D4_AD	4D1_AD	4D3_AD	4E1_AD	4E2_AD	4E3_AD	7A1_AD	7A2_AD	7A4_AD	7E1_AD	7E2_AD	7E3_AD	A0_AD	D0_AD	E0_AD
I	25623	G	A	975.96	YAL063C	FLO9	LOW	synonymous_variant	protein_coding	782	F	YAL063C	FLO9	LOW	synonymous_variant	0	0	0	0	0	0	0	0	1	0	0	0	0	0	.	0	.	0	0	0	0	7	13	20	6	10	6	9	11	38	14	13	8	17	14	14	10	10	19	11	9	11	7;0	13;0	20;0	6;0	10;0	6;0	9;0	11;0	8;30	14;0	13;0	8;0	17;0	14;0	14;0	10;0	10;0	19;0	11;0	9;0	11;0
II	68282	G	GTTA	411.23	YBL084C	CDC27	MODERATE	inframe_insertion	protein_coding	388	N/NN	YBL084C	CDC27	MODERATE	inframe_insertion	0	0	0	0	0	0	0	0	0	0	0	0	0	0	0	0	1	0	0	0	0	30	35	40	43	39	36	26	43	39	41	41	34	35	41	39	46	23	42	40	39	30	30;0	35;0	40;0	43;0	39;0	36;0	26;0	43;0	39;0	41;0	41;0	34;0	35;0	41;0	39;0	46;0	1;22	42;0	40;0	39;0	30;0
II	526596	A	AT	3580.78	YBR140C	IRA1	HIGH	frameshift_variant	protein_coding	11	N/KX	YBR140C	IRA1	HIGH	frameshift_variant	0	0	0	0	0	0	0	0	0	1	1	0	0	0	0	0	0	0	0	0	0	3	3	3	4	3	27	6	4	3	56	77	3	3	3	17	23	16	3	3	22	3	3;0	3;0	3;0	4;0	3;0	27;0	6;0	4;0	3;0	1;55	2;74	3;0	3;0	3;0	17;0	23;0	16;0	3;0	3;0	22;0	3;0
III	302	C	A	30.27	.	.	.	.	.	.	.	.	.	.	.	0	0	0	0	0	0	0	0	0	0	0	0	0	0	0	1	0	0	0	0	0	3	4	5	4	3	4	6	3	3	4	3	3	3	4	3	3	3	3	3	4	3	3;0	4;0	5;0	4;0	3;0	4;0	6;0	3;0	3;0	4;0	3;0	3;0	3;0	4;0	3;0	1;2	3;0	3;0	3;0	4;0	3;0
III	303	CA	C	30.23	.	.	.	.	.	.	.	.	.	.	.	0	0	0	0	0	0	0	0	0	0	0	0	0	0	0	1	0	0	0	0	0	3	4	5	4	3	4	6	3	3	4	3	3	3	4	3	3	3	3	3	4	3	3;0	4;0	5;0	4;0	3;0	4;0	6;0	3;0	3;0	4;0	3;0	3;0	3;0	4;0	3;0	1;2	3;0	3;0	3;0	4;0	3;0
III	324	ACCACACCCACACCACAC	A	452.23	.	.	.	.	.	.	.	.	.	.	.	0	0	0	0	0	0	1	0	0	0	0	0	0	0	0	0	0	0	0	0	0	3	4	5	4	3	4	12	3	3	4	3	3	3	4	3	3	3	3	3	4	3	3;0	4;0	5;0	4;0	3;0	4;0	1;11	3;0	3;0	4;0	3;0	3;0	3;0	4;0	3;0	3;0	3;0	3;0	3;0	4;0	3;0
IV	68	C	CA	66.86	.	.	.	.	.	.	.	.	.	.	.	0	.	1	0	0	0	0	0	.	0	0	0	0	0	0	0	0	0	0	0	0	1	0	2	1	1	4	3	3	0	3	2	3	2	1	1	3	3	2	2	2	2	1;0	0;0	0;2	1;0	1;0	4;0	3;0	3;0	0;0	3;0	2;0	3;0	2;0	1;0	1;0	3;0	3;0	2;0	2;0	2;0	2;0
IV	807241	A	G	2577.27	YDR171W	HSP42	LOW	synonymous_variant	protein_coding	207	P	YDR171W	HSP42	LOW	synonymous_variant	0	0	0	0	1	0	0	0	0	0	0	0	0	0	0	0	0	0	0	0	0	18	16	13	25	63	7	5	18	14	24	13	9	15	19	13	16	13	16	12	21	14	18;0	16;0	13;0	25;0	0;63	7;0	5;0	18;0	14;0	24;0	13;0	9;0	15;0	19;0	13;0	16;0	13;0	16;0	12;0	21;0	14;0
V	138737	GT	G	2594.23	YEL009C;tR(UCU)E	GCN4;.	MODIFIER;MODIFIER	downstream_gene_variant;downstream_gene_variant	protein_coding;tRNA	.;.	.;.	YEL009C	GCN4	MODIFIER	downstream_gene_variant	0	0	0	0	0	0	0	0	0	0	0	0	0	0	1	0	0	0	0	0	0	22	31	30	21	29	34	22	32	26	28	20	28	17	25	88	25	30	34	24	22	25	22;0	31;0	30;0	21;0	29;0	34;0	22;0	32;0	26;0	28;0	20;0	28;0	17;0	25;0	0;88	25;0	30;0	34;0	24;0	22;0	25;0
V	449620	C	T	2610.27	YER138W-A	.	MODIFIER	downstream_gene_variant	protein_coding	.	.	YER138W-A	.	MODIFIER	downstream_gene_variant	0	0	0	0	0	1	0	0	0	0	0	0	0	0	0	0	0	0	0	0	0	3	3	3	3	3	75	3	3	3	3	3	3	3	3	3	3	3	3	3	3	3	3;0	3;0	3;0	3;0	3;0	0;75	3;0	3;0	3;0	3;0	3;0	3;0	3;0	3;0	3;0	3;0	3;0	3;0	3;0	3;0	3;0
VII	312871	C	CT	1653.23	YGL101W	.	MODIFIER	downstream_gene_variant	protein_coding	.	.	YGL101W	.	MODIFIER	downstream_gene_variant	0	0	0	0	0	0	0	0	0	0	0	1	0	0	0	0	0	0	0	0	0	18	23	23	25	19	15	13	23	21	20	25	60	18	22	20	34	15	21	30	25	21	18;0	23;0	23;0	25;0	19;0	15;0	13;0	23;0	21;0	20;0	25;0	0;59	18;0	22;0	20;0	34;0	15;0	21;0	30;0	25;0	21;0
VIII	16241	A	G	2695.27	YHL042W	.	MODIFIER	downstream_gene_variant	protein_coding	.	.	YHL042W	.	MODIFIER	downstream_gene_variant	0	0	0	0	1	0	0	0	0	0	0	0	0	0	0	0	0	0	0	0	0	3	3	3	4	65	3	3	3	3	3	3	3	3	3	3	3	3	3	3	3	3	3;0	3;0	3;0	4;0	0;65	3;0	3;0	3;0	3;0	3;0	3;0	3;0	3;0	3;0	3;0	3;0	3;0	3;0	3;0	3;0	3;0
VIII	81858	C	CA	33.24	YHL010C	ETP1	MODIFIER	downstream_gene_variant	protein_coding	.	.	YHL010C	ETP1	MODIFIER	downstream_gene_variant	0	0	0	1	0	0	0	0	0	0	0	0	0	0	0	0	0	0	0	0	0	32	34	26	29	29	23	17	38	28	27	21	29	29	29	28	24	25	30	28	40	13	32;0	18;9	26;0	21;4	29;0	23;0	17;0	38;0	28;0	27;0	21;0	29;0	29;0	29;0	28;0	16;5	25;0	30;0	28;0	40;0	9;1
VIII	236957	TA	T	70.96	YHR071W	PCL5	MODIFIER	upstream_gene_variant	protein_coding	.	.	YHR071W	PCL5	MODIFIER	upstream_gene_variant	0	0	0	0	0	0	0	1	0	0	0	1	0	0	0	0	0	0	0	0	0	19	26	19	21	29	21	8	24	22	28	17	22	12	22	25	25	26	28	18	20	18	19;0	26;0	9;6	13;6	16;7	21;0	8;0	12;6	19;1	18;7	7;4	13;5	9;0	22;0	12;5	16;6	18;7	28;0	18;0	14;1	10;5
VIII	562374	G	A	244.27	.	.	.	.	.	.	.	.	.	.	.	0	0	0	0	0	0	1	0	0	0	0	0	0	0	0	0	0	0	0	0	0	3	3	3	3	3	3	66	3	3	3	4	3	3	3	3	3	3	3	3	4	3	3;0	3;0	3;0	3;0	3;0	3;0	26;40	3;0	3;0	3;0	4;0	3;0	3;0	3;0	3;0	3;0	3;0	3;0	3;0	4;0	3;0
VIII	562385	AT	A	535.78	.	.	.	.	.	.	.	.	.	.	.	0	0	0	0	0	0	1	0	0	0	0	0	0	0	0	0	1	0	0	0	0	3	3	3	3	3	3	65	3	3	3	4	3	3	3	3	3	69	3	3	4	3	3;0	3;0	3;0	3;0	3;0	3;0	25;40	3;0	3;0	3;0	4;0	3;0	3;0	3;0	3;0	3;0	41;28	3;0	3;0	4;0	3;0
VIII	562465	T	TG	94.23	.	.	.	.	.	.	.	.	.	.	.	0	0	0	0	0	1	0	0	0	0	0	0	0	0	0	0	0	0	0	0	0	3	3	3	3	3	38	49	3	3	3	4	3	3	3	3	3	9	3	3	4	3	3;0	3;0	3;0	3;0	3;0	18;20	49;0	3;0	3;0	3;0	4;0	3;0	3;0	3;0	3;0	3;0	9;0	3;0	3;0	4;0	3;0
VIII	562468	T	TGTGGGTGTGG	94.23	.	.	.	.	.	.	.	.	.	.	.	0	0	0	0	0	1	0	0	0	0	0	0	0	0	0	0	0	0	0	0	0	3	3	3	3	3	38	49	3	3	3	4	3	3	3	3	3	9	3	3	4	3	3;0	3;0	3;0	3;0	3;0	18;20	49;0	3;0	3;0	3;0	4;0	3;0	3;0	3;0	3;0	3;0	9;0	3;0	3;0	4;0	3;0
VIII	562473	GGGTGTGGGTGTGTGTGTGGGTGT	G	85.23	.	.	.	.	.	.	.	.	.	.	.	0	0	0	0	0	0	1	0	0	0	0	0	0	0	0	0	0	0	0	0	0	3	3	3	3	3	25	36	3	3	3	4	3	3	3	3	3	9	3	3	4	3	3;0	3;0	3;0	3;0	3;0	25;0	17;19	3;0	3;0	3;0	4;0	3;0	3;0	3;0	3;0	3;0	9;0	3;0	3;0	4;0	3;0
VIII	562559	GGGTGT	G	235.78	.	.	.	.	.	.	.	.	.	.	.	0	1	0	0	1	0	0	0	0	0	0	0	0	0	0	0	0	0	0	0	0	3	3	3	3	3	27	49	14	3	3	4	3	3	28	3	3	9	3	3	14	3	3;0	0;3	3;0	3;0	0;3	27;0	49;0	14;0	3;0	3;0	4;0	3;0	3;0	28;0	3;0	3;0	9;0	3;0	3;0	14;0	3;0
X	316828	A	T	3280.27	YJL062W-A	COA3	MODERATE	missense_variant	protein_coding	36	T/S	YJL062W-A	COA3	MODERATE	missense_variant	0	0	0	0	0	0	0	1	0	0	0	0	0	0	0	0	0	0	0	0	0	33	31	35	27	26	32	23	80	34	29	23	19	26	27	25	30	17	25	28	34	15	33;0	31;0	35;0	27;0	26;0	32;0	23;0	0;80	34;0	29;0	23;0	19;0	26;0	27;0	25;0	30;0	17;0	25;0	28;0	34;0	15;0
X	715107	TAG	T	1059.23	YJR151C	DAN4	HIGH	frameshift_variant	protein_coding	211	T/X	YJR151C	DAN4	HIGH	frameshift_variant	0	0	0	0	0	0	0	0	0	0	0	0	0	0	1	0	0	0	0	0	0	45	51	37	25	54	30	71	38	45	33	43	31	61	56	26	45	36	29	51	45	26	45;0	51;0	37;0	25;0	54;0	30;0	71;0	38;0	45;0	33;0	43;0	31;0	61;0	56;0	1;25	45;0	36;0	29;0	51;0	45;0	26;0
X	715110	TAGAGGTTGTAGGAGTAGTCGATGTG	T	879.23	YJR151C	DAN4	HIGH	frameshift_variant	protein_coding	202	TTSTTPTTS/X	YJR151C	DAN4	HIGH	frameshift_variant	0	0	0	0	0	0	0	0	0	0	0	0	0	0	1	0	0	0	0	0	0	50	57	43	31	64	34	73	42	49	39	53	33	72	58	30	53	40	32	52	48	30	50;0	57;0	43;0	31;0	64;0	34;0	73;0	42;0	49;0	39;0	53;0	33;0	72;0	58;0	5;25	53;0	40;0	32;0	52;0	48;0	30;0
X	715149	G	A	834.27	YJR151C	DAN4	MODERATE	missense_variant	protein_coding	198	P/S	YJR151C	DAN4	MODERATE	missense_variant	0	0	0	0	0	0	0	0	0	0	0	0	0	0	1	0	0	0	0	0	0	3	3	4	4	3	3	4	5	5	4	4	3	3	3	29	3	5	5	3	3	4	3;0	3;0	4;0	4;0	3;0	3;0	4;0	5;0	5;0	4;0	4;0	3;0	3;0	3;0	5;24	3;0	5;0	5;0	3;0	3;0	4;0
X	715153	G	T	570.27	YJR151C	DAN4	LOW	synonymous_variant	protein_coding	196	T	YJR151C	DAN4	LOW	synonymous_variant	0	0	0	0	0	0	0	0	0	0	0	0	0	0	1	0	0	0	0	0	0	3	3	4	4	3	3	4	5	5	4	4	3	3	3	23	3	5	5	3	3	4	3;0	3;0	4;0	4;0	3;0	3;0	4;0	5;0	5;0	4;0	4;0	3;0	3;0	3;0	5;18	3;0	5;0	5;0	3;0	3;0	4;0
X	715159	AGTAGTAGAGGTTGTAGGAGTAGTCGAT	A	138.23	YJR151C	DAN4	MODERATE	inframe_deletion	protein_coding	185	TSTTPTTSTT/T	YJR151C	DAN4	MODERATE	inframe_deletion	0	0	0	0	0	0	0	0	0	0	0	0	0	0	1	0	0	0	0	0	0	3	3	4	4	3	3	4	5	5	4	4	3	3	3	29	3	5	5	3	3	4	3;0	3;0	4;0	4;0	3;0	3;0	4;0	5;0	5;0	4;0	4;0	3;0	3;0	3;0	13;16	3;0	5;0	5;0	3;0	3;0	4;0
X	715195	A	G	106.27	YJR151C	DAN4	LOW	synonymous_variant	protein_coding	182	T	YJR151C	DAN4	LOW	synonymous_variant	0	0	0	0	0	0	0	0	0	0	0	0	0	0	1	0	0	0	0	0	0	3	3	4	4	3	3	4	5	5	4	4	3	3	3	31	3	5	5	3	3	4	3;0	3;0	4;0	4;0	3;0	3;0	4;0	5;0	5;0	4;0	4;0	3;0	3;0	3;0	15;16	3;0	5;0	5;0	3;0	3;0	4;0
X	745696	TGTGTGTGGGTGTG	T	31.53	.	.	.	.	.	.	.	.	.	.	.	0	0	0	0	0	0	0	0	0	0	0	0	0	.	0	0	1	0	0	0	0	3	4	4	2	4	3	3	3	3	3	3	3	3	0	4	3	1	2	3	2	3	3;0	4;0	4;0	2;0	4;0	3;0	3;0	3;0	3;0	3;0	3;0	3;0	3;0	0;0	4;0	3;0	0;1	2;0	3;0	2;0	3;0
XII	11195	T	TACCACACCCAC	36.23	.	.	.	.	.	.	.	.	.	.	.	0	0	0	0	1	0	0	0	0	0	0	0	0	0	0	0	0	0	0	0	0	3	5	3	3	18	3	3	3	9	7	3	5	3	9	6	3	3	6	3	8	4	3;0	5;0	3;0	3;0	10;8	3;0	3;0	3;0	9;0	7;0	3;0	5;0	3;0	9;0	6;0	3;0	3;0	6;0	3;0	8;0	4;0
XII	793997	AT	A	748.23	tD(GUC)L2	.	MODIFIER	downstream_gene_variant	tRNA	.	.	tD(GUC)L2	.	MODIFIER	downstream_gene_variant	1	0	0	0	0	0	0	0	0	0	0	0	0	0	0	0	0	0	0	0	0	41	31	25	26	32	19	20	27	24	27	36	25	22	28	36	28	38	23	25	32	20	3;35	31;0	25;0	26;0	32;0	19;0	20;0	27;0	24;0	27;0	36;0	25;0	22;0	28;0	36;0	28;0	38;0	23;0	25;0	32;0	20;0
XII	1025005	A	T	125.27	YLR445W	GMC2	MODIFIER	downstream_gene_variant	protein_coding	.	.	YLR445W	GMC2	MODIFIER	downstream_gene_variant	0	0	0	0	0	0	0	1	0	0	0	0	0	0	0	0	0	0	0	0	0	29	43	39	34	27	39	15	21	37	34	21	35	19	34	34	28	33	33	33	36	18	29;0	43;0	39;0	34;0	27;0	39;0	15;0	9;12	37;0	34;0	21;0	35;0	19;0	34;0	34;0	28;0	33;0	33;0	33;0	36;0	18;0
XIII	591610	C	T	2617.27	YMR165C	PAH1	MODERATE	missense_variant	protein_coding	340	S/N	YMR165C	PAH1	MODERATE	missense_variant	0	0	0	0	0	0	0	0	0	0	0	0	0	1	0	0	0	0	0	0	0	16	13	21	21	18	11	7	22	14	14	19	15	7	63	16	16	18	21	18	27	14	16;0	13;0	21;0	21;0	18;0	11;0	7;0	22;0	14;0	14;0	19;0	15;0	7;0	0;63	16;0	16;0	18;0	21;0	18;0	27;0	14;0
XV	93858	T	A	1582.27	YOL120C	RPL18A	MODIFIER	intron_variant	protein_coding	.	.	YOL120C	RPL18A	MODIFIER	intron_variant	0	0	0	0	0	1	0	0	0	0	0	0	0	0	0	0	0	0	0	0	0	3	19	4	26	4	47	13	3	27	3	4	22	19	6	3	3	22	3	3	5	3	3;0	19;0	4;0	26;0	4;0	0;47	13;0	3;0	27;0	3;0	4;0	22;0	19;0	6;0	3;0	3;0	22;0	3;0	3;0	5;0	3;0
XV	375760	A	G	3364.27	YOR022C	DDL1	MODERATE	missense_variant	protein_coding	33	I/T	YOR022C	DDL1	MODERATE	missense_variant	0	0	0	0	0	0	0	0	0	0	1	0	0	0	0	0	0	0	0	0	0	14	5	3	18	5	14	7	3	3	17	87	3	13	19	17	8	14	3	14	21	14	14;0	5;0	3;0	18;0	5;0	14;0	7;0	3;0	3;0	17;0	1;86	3;0	13;0	19;0	17;0	8;0	14;0	3;0	14;0	21;0	14;0
XV	430159	G	GA	415.14	YOR056C	NOB1	MODIFIER	downstream_gene_variant	protein_coding	.	.	YOR056C	NOB1	MODIFIER	downstream_gene_variant	1	0	0	1	0	0	0	0	0	0	0	1	1	0	0	0	0	0	0	0	0	24	33	16	21	30	27	19	31	33	15	21	20	19	34	25	25	28	30	32	38	13	13;11	33;0	16;0	6;8	30;0	27;0	19;0	31;0	33;0	15;0	21;0	8;10	8;5	34;0	25;0	25;0	28;0	30;0	32;0	38;0	13;0
XV	877096	TA	T	400.23	YOR298C-A;YOR298W	MBF1;MUM3	MODIFIER;MODIFIER	downstream_gene_variant;downstream_gene_variant	protein_coding;protein_coding	.;.	.;.	YOR298C-A	MBF1	MODIFIER	downstream_gene_variant	0	0	0	0	0	1	0	0	0	0	0	0	0	0	0	0	0	0	0	0	0	20	28	24	25	27	21	15	18	38	26	24	31	20	24	3	29	16	26	18	19	29	20;0	28;0	24;0	25;0	27;0	1;17	15;0	18;0	38;0	26;0	24;0	31;0	20;0	24;0	3;0	29;0	16;0	26;0	18;0	19;0	29;0
XVI	158608	G	C	3201.27	YPL208W	RKM1	MODERATE	missense_variant	protein_coding	256	C/S	YPL208W	RKM1	MODERATE	missense_variant	0	0	0	0	0	0	0	0	0	0	0	0	1	0	0	0	0	0	0	0	0	20	24	23	26	25	29	23	30	34	26	21	38	85	30	25	22	25	25	30	31	20	20;0	24;0	23;0	26;0	25;0	29;0	23;0	30;0	34;0	26;0	21;0	38;0	0;85	30;0	25;0	22;0	25;0	25;0	30;0	31;0	20;0
Mito	1099	T	TA	50364.9	.	.	.	.	.	.	.	.	.	.	.	1	1	1	0	0	0	0	0	0	0	0	0	0	0	0	0	0	0	0	0	0	789	518	531	156	143	7	242	432	126	145	135	4	75	105	157	179	201	147	192	101	134	14;771	7;511	8;519	156;0	143;0	7;0	242;0	432;0	126;0	145;0	135;0	4;0	75;0	105;0	157;0	179;0	201;0	147;0	192;0	101;0	134;0
Mito	1682	AC	A	15659.2	.	.	.	.	.	.	.	.	.	.	.	0	0	0	0	0	0	0	1	0	0	0	0	0	0	0	0	0	0	0	0	0	249	140	144	156	143	7	242	510	126	145	135	4	75	105	157	179	201	147	192	101	134	249;0	140;0	144;0	156;0	143;0	7;0	242;0	2;508	126;0	145;0	135;0	4;0	75;0	105;0	157;0	179;0	201;0	147;0	192;0	101;0	134;0
Mito	23528	TA	T	46553.2	Q0045	COX1	MODIFIER	intron_variant	protein_coding	.	.	Q0045	COX1	MODIFIER	intron_variant	0	0	0	0	0	0	0	0	0	0	0	0	0	0	0	0	1	0	0	0	0	525	323	348	371	315	41	388	270	270	360	242	12	176	244	365	414	1918	300	331	248	256	525;0	323;0	348;0	371;0	315;0	41;0	388;0	270;0	270;0	360;0	242;0	12;0	176;0	244;0	365;0	414;0	110;1724	300;0	331;0	248;0	256;0
Mito	34646	TTTAA	T	18307.2	.	.	.	.	.	.	.	.	.	.	.	0	0	0	0	0	0	0	0	0	0	0	0	0	0	0	0	0	1	0	0	0	511	331	345	370	339	31	442	259	296	367	287	18	168	288	398	378	457	472	341	255	277	511;0	331;0	345;0	370;0	339;0	31;0	442;0	259;0	296;0	367;0	287;0	18;0	168;0	288;0	398;0	378;0	457;0	6;463	341;0	255;0	277;0
Mito	35186	GTTTTA	G	27559.2	tE(UUC)Q	.	MODIFIER	upstream_gene_variant	tRNA	.	.	tE(UUC)Q	.	MODIFIER	upstream_gene_variant	0	0	0	0	0	0	0	0	0	0	0	0	0	0	0	1	0	0	0	0	0	511	331	345	370	339	31	442	259	296	367	287	18	168	288	398	842	457	330	341	255	277	511;0	331;0	345;0	370;0	339;0	31;0	442;0	259;0	296;0	367;0	287;0	18;0	168;0	288;0	398;0	24;816	457;0	330;0	341;0	255;0	277;0
Mito	43800	TA	T	5458.23	Q0105	COB	MODIFIER	downstream_gene_variant	protein_coding	.	.	Q0105	COB	MODIFIER	downstream_gene_variant	0	0	0	0	0	1	0	0	0	0	0	0	0	0	0	0	0	0	0	0	0	1024	764	800	832	758	201	692	747	680	898	640	139	542	811	983	827	940	762	786	569	654	1024;0	764;0	800;0	832;0	758;0	3;198	692;0	747;0	680;0	898;0	640;0	139;0	542;0	811;0	983;0	827;0	940;0	762;0	786;0	569;0	654;0
Mito	62486	T	TC	9102.23	Q0158	21S_RRNA	MODIFIER	downstream_gene_variant	rRNA	.	.	Q0158	21S_RRNA	MODIFIER	downstream_gene_variant	0	0	0	0	0	0	0	0	0	0	0	0	1	0	0	0	0	0	0	0	0	526	318	289	333	291	44	522	258	292	316	309	12	407	248	357	368	442	304	337	218	244	526;0	318;0	289;0	333;0	291;0	44;0	522;0	258;0	292;0	316;0	309;0	12;0	37;357	248;0	357;0	368;0	442;0	304;0	337;0	218;0	244;0
